dt,pickup_datetime,dt
2008-12-31,8,8
2009-01-01,18,18
2010-09-23,10,10
2013-06-01,5392,5392
2013-06-02,4438,4438
2013-06-03,4459,4459
2013-06-04,4744,4744
2013-06-05,4895,4895
2013-06-06,5303,5303
2013-06-07,5299,5299
2013-06-08,4866,4866
2013-06-09,4406,4406
2013-06-10,4775,4775
2013-06-11,4653,4653
2013-06-12,4934,4934
2013-06-13,5104,5104
2013-06-14,5056,5056
2013-06-15,4976,4976
2013-06-16,4171,4171
2013-06-17,4387,4387
2013-06-18,4698,4698
2013-06-19,4928,4928
2013-06-20,4950,4950
2013-06-21,5009,5009
2013-06-22,4703,4703
2013-06-23,4366,4366
2013-06-24,4363,4363
2013-06-25,4813,4813
2013-06-26,4918,4918
2013-06-27,5058,5058
2013-06-28,5039,5039
2013-06-29,4878,4878
2013-06-30,4274,4274
2013-07-01,4200,4200
2013-07-02,4392,4392
2013-07-03,4289,4289
2013-07-04,3318,3318
2013-07-05,3469,3469
2013-07-06,3509,3509
2013-07-07,3513,3513
2013-07-08,4222,4222
2013-07-09,4708,4708
2013-07-10,4732,4732
2013-07-11,5002,5002
2013-07-12,5045,5045
2013-07-13,4711,4711
2013-07-14,4374,4374
2013-07-15,4379,4379
2013-07-16,4665,4665
2013-07-17,4804,4804
2013-07-18,5105,5105
2013-07-19,5198,5198
2013-07-20,4877,4877
2013-07-21,4215,4215
2013-07-22,4362,4362
2013-07-23,4683,4683
2013-07-24,4787,4787
2013-07-25,4933,4933
2013-07-26,4819,4819
2013-07-27,4599,4599
2013-07-28,4273,4273
2013-07-29,4116,4116
2013-07-30,4485,4485
2013-07-31,4454,4454
2013-08-01,3052,3052
2013-08-02,2278,2278
2013-08-03,2299,2299
2013-08-04,2028,2028
2013-08-05,4047,4047
2013-08-06,4475,4475
2013-08-07,4595,4595
2013-08-08,4464,4464
2013-08-09,4887,4887
2013-08-10,4493,4493
2013-08-11,1999,1999
2013-08-12,3952,3952
2013-08-13,4449,4449
2013-08-14,4493,4493
2013-08-15,4759,4759
2013-08-16,4442,4442
2013-08-17,4498,4498
2013-08-18,3865,3865
2013-08-19,4005,4005
2013-08-20,4295,4295
2013-08-21,4598,4598
2013-08-22,4772,4772
2013-08-23,4713,4713
2013-08-24,4539,4539
2013-08-25,4014,4014
2013-08-26,3999,3999
2013-08-27,4285,4285
2013-08-28,4508,4508
2013-08-29,4574,4574
2013-08-30,4598,4598
2013-08-31,4377,4377
2013-09-01,3856,3856
2013-09-02,3406,3406
2013-09-03,4178,4178
2013-09-04,4535,4535
2013-09-05,4609,4609
2013-09-06,5235,5235
2013-09-07,5196,5196
2013-09-08,4693,4693
2013-09-09,4649,4649
2013-09-10,4896,4896
2013-09-11,5060,5060
2013-09-12,5070,5070
2013-09-13,5413,5413
2013-09-14,5307,5307
2013-09-15,4606,4606
2013-09-16,4538,4538
2013-09-17,4760,4760
2013-09-18,4966,4966
2013-09-19,5153,5153
2013-09-20,5355,5355
2013-09-21,5395,5395
2013-09-22,4649,4649
2013-09-23,4223,4223
2013-09-24,4506,4506
2013-09-25,4679,4679
2013-09-26,4879,4879
2013-09-27,5288,5288
2013-09-28,5343,5343
2013-09-29,4790,4790
2013-09-30,4326,4326
2013-10-01,4612,4612
2013-10-02,4910,4910
2013-10-03,5158,5158
2013-10-04,5498,5498
2013-10-05,5525,5525
2013-10-06,4733,4733
2013-10-07,4402,4402
2013-10-08,4718,4718
2013-10-09,5079,5079
2013-10-10,5294,5294
2013-10-11,5399,5399
2013-10-12,5516,5516
2013-10-13,4865,4865
2013-10-14,4225,4225
2013-10-15,4455,4455
2013-10-16,4995,4995
2013-10-17,5430,5430
2013-10-18,5489,5489
2013-10-19,5933,5933
2013-10-20,5048,5048
2013-10-21,4586,4586
2013-10-22,4934,4934
2013-10-23,5299,5299
2013-10-24,5629,5629
2013-10-25,5849,5849
2013-10-26,5699,5699
2013-10-27,5089,5089
2013-10-28,4743,4743
2013-10-29,4962,4962
2013-10-30,5142,5142
2013-10-31,5330,5330
2013-11-01,6114,6114
2013-11-02,6040,6040
2013-11-03,5213,5213
2013-11-04,4992,4992
2013-11-05,5237,5237
2013-11-06,5354,5354
2013-11-07,5602,5602
2013-11-08,5853,5853
2013-11-09,6129,6129
2013-11-10,5429,5429
2013-11-11,4635,4635
2013-11-12,5210,5210
2013-11-13,5545,5545
2013-11-14,5646,5646
2013-11-15,5787,5787
2013-11-16,6099,6099
2013-11-17,5105,5105
2013-11-18,4923,4923
2013-11-19,5420,5420
2013-11-20,5655,5655
2013-11-21,5573,5573
2013-11-22,6050,6050
2013-11-23,6350,6350
2013-11-24,5813,5813
2013-11-25,5066,5066
2013-11-26,5114,5114
2013-11-27,5248,5248
2013-11-28,4098,4098
2013-11-29,4551,4551
2013-11-30,5083,5083
2013-12-01,4734,4734
2013-12-02,5033,5033
2013-12-03,5291,5291
2013-12-04,5468,5468
2013-12-05,5830,5830
2013-12-06,6340,6340
2013-12-07,6555,6555
2013-12-08,5618,5618
2013-12-09,5225,5225
2013-12-10,5542,5542
2013-12-11,5700,5700
2013-12-12,6018,6018
2013-12-13,6551,6551
2013-12-14,5961,5961
2013-12-15,5391,5391
2013-12-16,5407,5407
2013-12-17,5811,5811
2013-12-18,5900,5900
2013-12-19,6105,6105
2013-12-20,6649,6649
2013-12-21,6142,6142
2013-12-22,5274,5274
2013-12-23,4849,4849
2013-12-24,4932,4932
2013-12-25,3278,3278
2013-12-26,4042,4042
2013-12-27,4795,4795
2013-12-28,4990,4990
2013-12-29,5133,5133
2013-12-30,5071,5071
2013-12-31,6204,6204
2014-01-01,5544,5544
2014-01-02,4475,4475
2014-01-03,3488,3488
2014-01-04,5317,5317
2014-01-05,4907,4907
2014-01-06,4965,4965
2014-01-07,5665,5665
2014-01-08,5995,5995
2014-01-09,6040,6040
2014-01-10,6554,6554
2014-01-11,6568,6568
2014-01-12,5743,5743
2014-01-13,5218,5218
2014-01-14,5506,5506
2014-01-15,5914,5914
2014-01-16,6161,6161
2014-01-17,6484,6484
2014-01-18,6783,6783
2014-01-19,5929,5929
2014-01-20,4879,4879
2014-01-21,3259,3259
2014-01-22,4864,4864
2014-01-23,6093,6093
2014-01-24,7017,7017
2014-01-25,7086,7086
2014-01-26,6117,6117
2014-01-27,5613,5613
2014-01-28,5884,5884
2014-01-29,6178,6178
2014-01-30,6564,6564
2014-01-31,7208,7208
2014-02-01,7374,7374
2014-02-02,6404,6404
2014-02-03,5059,5059
2014-02-04,5970,5970
2014-02-05,5436,5436
2014-02-06,6488,6488
2014-02-07,7026,7026
2014-02-08,7647,7647
2014-02-09,6387,6387
2014-02-10,5926,5926
2014-02-11,6716,6716
2014-02-12,6645,6645
2014-02-13,4355,4355
2014-02-14,6919,6919
2014-02-15,7013,7013
2014-02-16,6603,6603
2014-02-17,5483,5483
2014-02-18,5641,5641
2014-02-19,6022,6022
2014-02-20,6492,6492
2014-02-21,7015,7015
2014-02-22,7659,7659
2014-02-23,6436,6436
2014-02-24,6074,6074
2014-02-25,6439,6439
2014-02-26,6774,6774
2014-02-27,7137,7137
2014-02-28,7760,7760
2014-03-01,8085,8085
2014-03-02,6614,6614
2014-03-03,6298,6298
2014-03-04,6714,6714
2014-03-05,6929,6929
2014-03-06,7221,7221
2014-03-07,7905,7905
2014-03-08,8220,8220
2014-03-09,6671,6671
2014-03-10,6233,6233
2014-03-11,6284,6284
2014-03-12,6714,6714
2014-03-13,7566,7566
2014-03-14,7845,7845
2014-03-15,8279,8279
2014-03-16,7068,7068
2014-03-17,6150,6150
2014-03-18,6321,6321
2014-03-19,6891,6891
2014-03-20,7024,7024
2014-03-21,7433,7433
2014-03-22,8021,8021
2014-03-23,7128,7128
2014-03-24,6015,6015
2014-03-25,6386,6386
2014-03-26,6983,6983
2014-03-27,7187,7187
2014-03-28,7548,7548
2014-03-29,8514,8514
2014-03-30,6683,6683
2014-03-31,6025,6025
2014-04-01,6386,6386
2014-04-02,6717,6717
2014-04-03,7072,7072
2014-04-04,8033,8033
2014-04-05,8319,8319
2014-04-06,7054,7054
2014-04-07,6663,6663
2014-04-08,6356,6356
2014-04-09,6873,6873
2014-04-10,7204,7204
2014-04-11,7478,7478
2014-04-12,8121,8121
2014-04-13,7090,7090
2014-04-14,5855,5855
2014-04-15,6817,6817
2014-04-16,6971,6971
2014-04-17,7384,7384
2014-04-18,7341,7341
2014-04-19,7504,7504
2014-04-20,6569,6569
2014-04-21,5877,5877
2014-04-22,6472,6472
2014-04-23,6877,6877
2014-04-24,7261,7261
2014-04-25,7573,7573
2014-04-26,8323,8323
2014-04-27,7236,7236
2014-04-28,5974,5974
2014-04-29,6815,6815
2014-04-30,7431,7431
2014-05-01,7045,7045
2014-05-02,7821,7821
2014-05-03,8514,8514
2014-05-04,7137,7137
2014-05-05,6440,6440
2014-05-06,6574,6574
2014-05-07,6868,6868
2014-05-08,7198,7198
2014-05-09,7737,7737
2014-05-10,8300,8300
2014-05-11,6984,6984
2014-05-12,6109,6109
2014-05-13,6720,6720
2014-05-14,6717,6717
2014-05-15,7114,7114
2014-05-16,7882,7882
2014-05-17,8020,8020
2014-05-18,7229,7229
2014-05-19,6437,6437
2014-05-20,6625,6625
2014-05-21,6852,6852
2014-05-22,7063,7063
2014-05-23,7649,7649
2014-05-24,6719,6719
2014-05-25,6149,6149
2014-05-26,5231,5231
2014-05-27,6188,6188
2014-05-28,6809,6809
2014-05-29,7053,7053
2014-05-30,7594,7594
2014-05-31,8037,8037
2014-06-01,6662,6662
2014-06-02,6125,6125
2014-06-03,6608,6608
2014-06-04,6753,6753
2014-06-05,7083,7083
2014-06-06,7462,7462
2014-06-07,8025,8025
2014-06-08,6842,6842
2014-06-09,6289,6289
2014-06-10,6403,6403
2014-06-11,6694,6694
2014-06-12,7199,7199
2014-06-13,7632,7632
2014-06-14,7862,7862
2014-06-15,6618,6618
2014-06-16,6066,6066
2014-06-17,6243,6243
2014-06-18,6904,6904
2014-06-19,7023,7023
2014-06-20,7500,7500
2014-06-21,7502,7502
2014-06-22,6805,6805
2014-06-23,5951,5951
2014-06-24,6143,6143
2014-06-25,6811,6811
2014-06-26,7049,7049
2014-06-27,7100,7100
2014-06-28,7630,7630
2014-06-29,6166,6166
2014-06-30,5868,5868
2014-07-01,6300,6300
2014-07-02,6645,6645
2014-07-03,6378,6378
2014-07-04,5141,5141
2014-07-05,5440,5440
2014-07-06,5159,5159
2014-07-07,5521,5521
2014-07-08,6258,6258
2014-07-09,6335,6335
2014-07-10,6393,6393
2014-07-11,6914,6914
2014-07-12,7181,7181
2014-07-13,6569,6569
2014-07-14,5980,5980
2014-07-15,6434,6434
2014-07-16,6278,6278
2014-07-17,6408,6408
2014-07-18,6996,6996
2014-07-19,7079,7079
2014-07-20,6223,6223
2014-07-21,5650,5650
2014-07-22,6319,6319
2014-07-23,6711,6711
2014-07-24,6435,6435
2014-07-25,6823,6823
2014-07-26,7135,7135
2014-07-27,6177,6177
2014-07-28,5166,5166
2014-07-29,5782,5782
2014-07-30,6270,6270
2014-07-31,6663,6663
2014-08-01,7073,7073
2014-08-02,7241,7241
2014-08-03,6244,6244
2014-08-04,5758,5758
2014-08-05,5950,5950
2014-08-06,6319,6319
2014-08-07,6418,6418
2014-08-08,6940,6940
2014-08-09,6975,6975
2014-08-10,5936,5936
2014-08-11,5535,5535
2014-08-12,6138,6138
2014-08-13,6250,6250
2014-08-14,6327,6327
2014-08-15,6671,6671
2014-08-16,6984,6984
2014-08-17,6253,6253
2014-08-18,5451,5451
2014-08-19,5813,5813
2014-08-20,6066,6066
2014-08-21,6506,6506
2014-08-22,6479,6479
2014-08-23,6698,6698
2014-08-24,6016,6016
2014-08-25,5384,5384
2014-08-26,5658,5658
2014-08-27,6083,6083
2014-08-28,6179,6179
2014-08-29,6608,6608
2014-08-30,6407,6407
2014-08-31,5776,5776
2014-09-01,5008,5008
2014-09-02,5876,5876
2014-09-03,6356,6356
2014-09-04,6976,6976
2014-09-05,7543,7543
2014-09-06,8002,8002
2014-09-07,6943,6943
2014-09-08,6180,6180
2014-09-09,6503,6503
2014-09-10,6531,6531
2014-09-11,6843,6843
2014-09-12,7413,7413
2014-09-13,8336,8336
2014-09-14,7168,7168
2014-09-15,6085,6085
2014-09-16,6421,6421
2014-09-17,6471,6471
2014-09-18,6840,6840
2014-09-19,7501,7501
2014-09-20,7837,7837
2014-09-21,6583,6583
2014-09-22,5760,5760
2014-09-23,5911,5911
2014-09-24,6211,6211
2014-09-25,6405,6405
2014-09-26,7034,7034
2014-09-27,8013,8013
2014-09-28,6873,6873
2014-09-29,5864,5864
2014-09-30,6348,6348
2014-10-01,6606,6606
2014-10-02,6913,6913
2014-10-03,7500,7500
2014-10-04,7393,7393
2014-10-05,6579,6579
2014-10-06,5898,5898
2014-10-07,6263,6263
2014-10-08,6761,6761
2014-10-09,7048,7048
2014-10-10,7618,7618
2014-10-11,8163,8163
2014-10-12,6916,6916
2014-10-13,5697,5697
2014-10-14,6345,6345
2014-10-15,6804,6804
2014-10-16,7174,7174
2014-10-17,7676,7676
2014-10-18,8366,8366
2014-10-19,7528,7528
2014-10-20,5956,5956
2014-10-21,6441,6441
2014-10-22,7041,7041
2014-10-23,7084,7084
2014-10-24,7626,7626
2014-10-25,8355,8355
2014-10-26,7046,7046
2014-10-27,5824,5824
2014-10-28,6283,6283
2014-10-29,6708,6708
2014-10-30,7154,7154
2014-10-31,8122,8122
2014-11-01,9424,9424
2014-11-02,7168,7168
2014-11-03,6185,6185
2014-11-04,6121,6121
2014-11-05,6625,6625
2014-11-06,7174,7174
2014-11-07,8008,8008
2014-11-08,8395,8395
2014-11-09,7126,7126
2014-11-10,5961,5961
2014-11-11,5882,5882
2014-11-12,6694,6694
2014-11-13,7277,7277
2014-11-14,8085,8085
2014-11-15,8475,8475
2014-11-16,7110,7110
2014-11-17,6164,6164
2014-11-18,6879,6879
2014-11-19,6864,6864
2014-11-20,7071,7071
2014-11-21,7956,7956
2014-11-22,8764,8764
2014-11-23,7031,7031
2014-11-24,6051,6051
2014-11-25,6390,6390
2014-11-26,6974,6974
2014-11-27,5610,5610
2014-11-28,5718,5718
2014-11-29,6392,6392
2014-11-30,6016,6016
2014-12-01,6323,6323
2014-12-02,6501,6501
2014-12-03,6768,6768
2014-12-04,7077,7077
2014-12-05,8113,8113
2014-12-06,8643,8643
2014-12-07,7580,7580
2014-12-08,6636,6636
2014-12-09,6783,6783
2014-12-10,7270,7270
2014-12-11,7549,7549
2014-12-12,8287,8287
2014-12-13,8810,8810
2014-12-14,7348,7348
2014-12-15,6114,6114
2014-12-16,6760,6760
2014-12-17,7002,7002
2014-12-18,7486,7486
2014-12-19,8431,8431
2014-12-20,8616,8616
2014-12-21,7135,7135
2014-12-22,6121,6121
2014-12-23,6359,6359
2014-12-24,6398,6398
2014-12-25,4083,4083
2014-12-26,4593,4593
2014-12-27,5567,5567
2014-12-28,5403,5403
2014-12-29,5345,5345
2014-12-30,5927,5927
2014-12-31,7403,7403
2015-01-01,8260,8260
2015-01-02,6708,6708
2015-01-03,8199,8199
2015-01-04,6440,6440
2015-01-05,6825,6825
2015-01-06,7221,7221
2015-01-07,8057,8057
2015-01-08,8734,8734
2015-01-09,8812,8812
2015-01-10,10280,10280
2015-01-11,8183,8183
2015-01-12,7524,7524
2015-01-13,8305,8305
2015-01-14,8173,8173
2015-01-15,8533,8533
2015-01-16,9582,9582
2015-01-17,9707,9707
2015-01-18,8804,8804
2015-01-19,6294,6294
2015-01-20,7386,7386
2015-01-21,7943,7943
2015-01-22,8413,8413
2015-01-23,9277,9277
2015-01-24,9465,9465
2015-01-25,8175,8175
2015-01-26,4835,4835
2015-01-27,2720,2720
2015-01-28,7440,7440
2015-01-29,8360,8360
2015-01-30,10033,10033
2015-01-31,11057,11057
2015-02-01,8969,8969
2015-02-02,7113,7113
2015-02-03,8474,8474
2015-02-04,8117,8117
2015-02-05,9450,9450
2015-02-06,9876,9876
2015-02-07,10177,10177
2015-02-08,8429,8429
2015-02-09,7658,7658
2015-02-10,8061,8061
2015-02-11,8721,8721
2015-02-12,9471,9471
2015-02-13,10628,10628
2015-02-14,11437,11437
2015-02-15,9911,9911
2015-02-16,8198,8198
2015-02-17,7832,7832
2015-02-18,8522,8522
2015-02-19,9839,9839
2015-02-20,10740,10740
2015-02-21,10175,10175
2015-02-22,8379,8379
2015-02-23,8761,8761
2015-02-24,8839,8839
2015-02-25,8838,8838
2015-02-26,9718,9718
2015-02-27,10616,10616
2015-02-28,10849,10849
2015-03-01,8486,8486
2015-03-02,7666,7666
2015-03-03,8439,8439
2015-03-04,8680,8680
2015-03-05,7651,7651
2015-03-06,9820,9820
2015-03-07,10623,10623
2015-03-08,8497,8497
2015-03-09,7565,7565
2015-03-10,8544,8544
2015-03-11,8386,8386
2015-03-12,9220,9220
2015-03-13,9931,9931
2015-03-14,10782,10782
2015-03-15,8875,8875
2015-03-16,7272,7272
2015-03-17,8262,8262
2015-03-18,8888,8888
2015-03-19,9049,9049
2015-03-20,9923,9923
2015-03-21,10213,10213
2015-03-22,9079,9079
2015-03-23,7705,7705
2015-03-24,8115,8115
2015-03-25,8600,8600
2015-03-26,9023,9023
2015-03-27,9885,9885
2015-03-28,11229,11229
2015-03-29,9146,9146
2015-03-30,7729,7729
2015-03-31,8856,8856
2015-04-01,9093,9093
2015-04-02,9234,9234
2015-04-03,9518,9518
2015-04-04,9618,9618
2015-04-05,8243,8243
2015-04-06,7381,7381
2015-04-07,8548,8548
2015-04-08,8905,8905
2015-04-09,9154,9154
2015-04-10,9906,9906
2015-04-11,10551,10551
2015-04-12,8831,8831
2015-04-13,7660,7660
2015-04-14,8028,8028
2015-04-15,8501,8501
2015-04-16,9390,9390
2015-04-17,10031,10031
2015-04-18,11192,11192
2015-04-19,9655,9655
2015-04-20,8402,8402
2015-04-21,8593,8593
2015-04-22,9178,9178
2015-04-23,9972,9972
2015-04-24,10894,10894
2015-04-25,11409,11409
2015-04-26,9739,9739
2015-04-27,8039,8039
2015-04-28,8087,8087
2015-04-29,8722,8722
2015-04-30,9437,9437
2015-05-01,10577,10577
2015-05-02,12006,12006
2015-05-03,9860,9860
2015-05-04,7979,7979
2015-05-05,8730,8730
2015-05-06,9015,9015
2015-05-07,9638,9638
2015-05-08,10192,10192
2015-05-09,10906,10906
2015-05-10,9451,9451
2015-05-11,8255,8255
2015-05-12,8669,8669
2015-05-13,9256,9256
2015-05-14,9584,9584
2015-05-15,10491,10491
2015-05-16,11927,11927
2015-05-17,9878,9878
2015-05-18,8400,8400
2015-05-19,8942,8942
2015-05-20,9614,9614
2015-05-21,9870,9870
2015-05-22,9580,9580
2015-05-23,9124,9124
2015-05-24,8026,8026
2015-05-25,6798,6798
2015-05-26,8199,8199
2015-05-27,8905,8905
2015-05-28,9593,9593
2015-05-29,10077,10077
2015-05-30,10905,10905
2015-05-31,9532,9532
2015-06-01,9212,9212
2015-06-02,9470,9470
2015-06-03,9181,9181
2015-06-04,9696,9696
2015-06-05,10637,10637
2015-06-06,10744,10744
2015-06-07,9534,9534
2015-06-08,8417,8417
2015-06-09,8531,8531
2015-06-10,9218,9218
2015-06-11,9907,9907
2015-06-12,10200,10200
2015-06-13,10485,10485
2015-06-14,9293,9293
2015-06-15,8557,8557
2015-06-16,8820,8820
2015-06-17,9275,9275
2015-06-18,9525,9525
2015-06-19,10313,10313
2015-06-20,10184,10184
2015-06-21,9038,9038
2015-06-22,8116,8116
2015-06-23,9002,9002
2015-06-24,9224,9224
2015-06-25,9586,9586
2015-06-26,9874,9874
2015-06-27,11887,11887
2015-06-28,8652,8652
2015-06-29,7712,7712
2015-06-30,8133,8133
2015-07-01,9144,9144
2015-07-02,8603,8603
2015-07-03,7406,7406
2015-07-04,7230,7230
2015-07-05,7202,7202
2015-07-06,7100,7100
2015-07-07,8047,8047
2015-07-08,8753,8753
2015-07-09,9514,9514
2015-07-10,9767,9767
2015-07-11,10423,10423
2015-07-12,9039,9039
2015-07-13,7891,7891
2015-07-14,8501,8501
2015-07-15,9327,9327
2015-07-16,9437,9437
2015-07-17,9047,9047
2015-07-18,10644,10644
2015-07-19,9947,9947
2015-07-20,8658,8658
2015-07-21,8799,8799
2015-07-22,9173,9173
2015-07-23,9669,9669
2015-07-24,9946,9946
2015-07-25,10454,10454
2015-07-26,9156,9156
2015-07-27,8075,8075
2015-07-28,8895,8895
2015-07-29,9686,9686
2015-07-30,9880,9880
2015-07-31,10389,10389
2015-08-01,10531,10531
2015-08-02,9150,9150
2015-08-03,8324,8324
2015-08-04,8880,8880
2015-08-05,9206,9206
2015-08-06,9579,9579
2015-08-07,9880,9880
2015-08-08,9898,9898
2015-08-09,8696,8696
2015-08-10,7628,7628
2015-08-11,8784,8784
2015-08-12,8798,8798
2015-08-13,9271,9271
2015-08-14,9926,9926
2015-08-15,10140,10140
2015-08-16,9167,9167
2015-08-17,8347,8347
2015-08-18,8723,8723
2015-08-19,9300,9300
2015-08-20,9708,9708
2015-08-21,10146,10146
2015-08-22,10137,10137
2015-08-23,8861,8861
2015-08-24,7890,7890
2015-08-25,8250,8250
2015-08-26,8607,8607
2015-08-27,8945,8945
2015-08-28,9755,9755
2015-08-29,10141,10141
2015-08-30,9185,9185
2015-08-31,8162,8162
2015-09-01,8553,8553
2015-09-02,9118,9118
2015-09-03,9866,9866
2015-09-04,9939,9939
2015-09-05,9380,9380
2015-09-06,8670,8670
2015-09-07,7563,7563
2015-09-08,9279,9279
2015-09-09,10240,10240
2015-09-10,11452,11452
2015-09-11,11350,11350
2015-09-12,12280,12280
2015-09-13,10381,10381
2015-09-14,8454,8454
2015-09-15,9228,9228
2015-09-16,10197,10197
2015-09-17,10821,10821
2015-09-18,11597,11597
2015-09-19,12392,12392
2015-09-20,10663,10663
2015-09-21,8939,8939
2015-09-22,8755,8755
2015-09-23,8520,8520
2015-09-24,8389,8389
2015-09-25,10224,10224
2015-09-26,11852,11852
2015-09-27,10254,10254
2015-09-28,8439,8439
2015-09-29,9208,9208
2015-09-30,9684,9684
2015-10-01,10912,10912
2015-10-02,13047,13047
2015-10-03,11696,11696
2015-10-04,9820,9820
2015-10-05,8438,8438
2015-10-06,9092,9092
2015-10-07,9721,9721
2015-10-08,10587,10587
2015-10-09,11598,11598
2015-10-10,11778,11778
2015-10-11,10364,10364
2015-10-12,7952,7952
2015-10-13,9310,9310
2015-10-14,9871,9871
2015-10-15,10780,10780
2015-10-16,11893,11893
2015-10-17,12935,12935
2015-10-18,11054,11054
2015-10-19,9226,9226
2015-10-20,9351,9351
2015-10-21,9645,9645
2015-10-22,10772,10772
2015-10-23,11959,11959
2015-10-24,12499,12499
2015-10-25,10880,10880
2015-10-26,8894,8894
2015-10-27,9451,9451
2015-10-28,11103,11103
2015-10-29,10870,10870
2015-10-30,12248,12248
2015-10-31,13644,13644
2015-11-01,11693,11693
2015-11-02,8956,8956
2015-11-03,9025,9025
2015-11-04,9875,9875
2015-11-05,10941,10941
2015-11-06,11517,11517
2015-11-07,12716,12716
2015-11-08,10589,10589
2015-11-09,8823,8823
2015-11-10,10531,10531
2015-11-11,9699,9699
2015-11-12,10987,10987
2015-11-13,12242,12242
2015-11-14,13139,13139
2015-11-15,10514,10514
2015-11-16,9050,9050
2015-11-17,9920,9920
2015-11-18,10414,10414
2015-11-19,12128,12128
2015-11-20,11943,11943
2015-11-21,12939,12939
2015-11-22,10885,10885
2015-11-23,9825,9825
2015-11-24,10094,10094
2015-11-25,10160,10160
2015-11-26,8035,8035
2015-11-27,7670,7670
2015-11-28,9525,9525
2015-11-29,9121,9121
2015-11-30,9358,9358
2015-12-01,10437,10437
2015-12-02,10410,10410
2015-12-03,11194,11194
2015-12-04,12237,12237
2015-12-05,13215,13215
2015-12-06,11033,11033
2015-12-07,9838,9838
2015-12-08,10237,10237
2015-12-09,10715,10715
2015-12-10,11123,11123
2015-12-11,12703,12703
2015-12-12,13272,13272
2015-12-13,11184,11184
2015-12-14,10332,10332
2015-12-15,10413,10413
2015-12-16,11486,11486
2015-12-17,12883,12883
2015-12-18,13642,13642
2015-12-19,13754,13754
2015-12-20,11318,11318
2015-12-21,9200,9200
2015-12-22,9762,9762
2015-12-23,10145,10145
2015-12-24,8982,8982
2015-12-25,6367,6367
2015-12-26,6753,6753
2015-12-27,7630,7630
2015-12-28,8159,8159
2015-12-29,8356,8356
2015-12-30,8914,8914
2015-12-31,10370,10370
2016-01-01,11121,11121
2016-01-02,8964,8964
2016-01-03,8401,8401
2016-01-04,8826,8826
2016-01-05,9268,9268
2016-01-06,9364,9364
2016-01-07,9592,9592
2016-01-08,10916,10916
2016-01-09,11200,11200
2016-01-10,10213,10213
2016-01-11,9284,9284
2016-01-12,9525,9525
2016-01-13,10756,10756
2016-01-14,10544,10544
2016-01-15,10963,10963
2016-01-16,11799,11799
2016-01-17,11043,11043
2016-01-18,9121,9121
2016-01-19,10950,10950
2016-01-20,10405,10405
2016-01-21,11160,11160
2016-01-22,12498,12498
2016-01-23,2794,2794
2016-01-24,5542,5542
2016-01-25,9217,9217
2016-01-26,9924,9924
2016-01-27,10153,10153
2016-01-28,10826,10826
2016-01-29,12375,12375
2016-01-30,13234,13234
2016-01-31,10938,10938
2016-02-01,9509,9509
2016-02-02,9927,9927
2016-02-03,10923,10923
2016-02-04,11067,11067
2016-02-05,12394,12394
2016-02-06,12975,12975
2016-02-07,11236,11236
2016-02-08,9661,9661
2016-02-09,9995,9995
2016-02-10,10981,10981
2016-02-11,12636,12636
2016-02-12,13677,13677
2016-02-13,15021,15021
2016-02-14,13431,13431
2016-02-15,10047,10047
2016-02-16,10617,10617
2016-02-17,10914,10914
2016-02-18,11722,11722
2016-02-19,12565,12565
2016-02-20,12905,12905
2016-02-21,11200,11200
2016-02-22,9629,9629
2016-02-23,11695,11695
2016-02-24,12138,12138
2016-02-25,11796,11796
2016-02-26,13031,13031
2016-02-27,13736,13736
2016-02-28,11159,11159
2016-02-29,9511,9511
2016-03-01,10343,10343
2016-03-02,11385,11385
2016-03-03,11997,11997
2016-03-04,13135,13135
2016-03-05,13932,13932
2016-03-06,11313,11313
2016-03-07,9591,9591
2016-03-08,10239,10239
2016-03-09,10588,10588
2016-03-10,11373,11373
2016-03-11,12549,12549
2016-03-12,13462,13462
2016-03-13,11006,11006
2016-03-14,11085,11085
2016-03-15,10367,10367
2016-03-16,11051,11051
2016-03-17,11658,11658
2016-03-18,12770,12770
2016-03-19,13328,13328
2016-03-20,11630,11630
2016-03-21,9958,9958
2016-03-22,10166,10166
2016-03-23,10619,10619
2016-03-24,11940,11940
2016-03-25,11976,11976
2016-03-26,12599,12599
2016-03-27,10803,10803
2016-03-28,9900,9900
2016-03-29,10317,10317
2016-03-30,10821,10821
2016-03-31,11148,11148
2016-04-01,12668,12668
2016-04-02,13781,13781
2016-04-03,12001,12001
2016-04-04,11511,11511
2016-04-05,11591,11591
2016-04-06,11688,11688
2016-04-07,12376,12376
2016-04-08,13440,13440
2016-04-09,15153,15153
2016-04-10,12062,12062
2016-04-11,10220,10220
2016-04-12,11215,11215
2016-04-13,11123,11123
2016-04-14,12025,12025
2016-04-15,13162,13162
2016-04-16,14418,14418
2016-04-17,12095,12095
2016-04-18,10018,10018
2016-04-19,10580,10580
2016-04-20,11230,11230
2016-04-21,11734,11734
2016-04-22,12267,12267
2016-04-23,12934,12934
2016-04-24,11097,11097
2016-04-25,9447,9447
2016-04-26,10721,10721
2016-04-27,10711,10711
2016-04-28,11719,11719
2016-04-29,13144,13144
2016-04-30,13644,13644
2016-05-01,11837,11837
2016-05-02,10251,10251
2016-05-03,11895,11895
2016-05-04,12126,12126
2016-05-05,13086,13086
2016-05-06,15003,15003
2016-05-07,14289,14289
2016-05-08,12318,12318
2016-05-09,9960,9960
2016-05-10,10737,10737
2016-05-11,11296,11296
2016-05-12,12216,12216
2016-05-13,13351,13351
2016-05-14,14483,14483
2016-05-15,13006,13006
2016-05-16,10790,10790
2016-05-17,11759,11759
2016-05-18,11702,11702
2016-05-19,12398,12398
2016-05-20,12953,12953
2016-05-21,14644,14644
2016-05-22,11766,11766
2016-05-23,10122,10122
2016-05-24,11054,11054
2016-05-25,11741,11741
2016-05-26,12022,12022
2016-05-27,12297,12297
2016-05-28,12004,12004
2016-05-29,10754,10754
2016-05-30,9003,9003
2016-05-31,10423,10423
2016-06-01,11323,11323
2016-06-02,12382,12382
2016-06-03,13434,13434
2016-06-04,14415,14415
2016-06-05,11805,11805
2016-06-06,10796,10796
2016-06-07,11658,11658
2016-06-08,12966,12966
2016-06-09,12593,12593
2016-06-10,13277,13277
2016-06-11,13853,13853
2016-06-12,11694,11694
2016-06-13,10097,10097
2016-06-14,11058,11058
2016-06-15,11696,11696
2016-06-16,12684,12684
2016-06-17,12873,12873
2016-06-18,13596,13596
2016-06-19,11655,11655
2016-06-20,10360,10360
2016-06-21,11205,11205
2016-06-22,11674,11674
2016-06-23,12476,12476
2016-06-24,13229,13229
2016-06-25,14104,14104
2016-06-26,12226,12226
2016-06-27,11081,11081
2016-06-28,10920,10920
2016-06-29,11161,11161
2016-06-30,11394,11394
2016-07-01,11928,11928
2016-07-02,10414,10414
2016-07-03,9629,9629
2016-07-04,8757,8757
2016-07-05,9789,9789
2016-07-06,9868,9868
2016-07-07,11409,11409
2016-07-08,12264,12264
2016-07-09,12945,12945
2016-07-10,10936,10936
2016-07-11,10110,10110
2016-07-12,10950,10950
2016-07-13,11982,11982
2016-07-14,12543,12543
2016-07-15,13346,13346
2016-07-16,13749,13749
2016-07-17,11918,11918
2016-07-18,10808,10808
2016-07-19,10889,10889
2016-07-20,12001,12001
2016-07-21,12433,12433
2016-07-22,13650,13650
2016-07-23,14038,14038
2016-07-24,11977,11977
2016-07-25,11374,11374
2016-07-26,11485,11485
2016-07-27,11928,11928
2016-07-28,12650,12650
2016-07-29,13568,13568
2016-07-30,14335,14335
2016-07-31,12090,12090
2016-08-01,10328,10328
2016-08-02,11188,11188
2016-08-03,11535,11535
2016-08-04,12162,12162
2016-08-05,12686,12686
2016-08-06,13084,13084
2016-08-07,11405,11405
2016-08-08,9946,9946
2016-08-09,10971,10971
2016-08-10,11848,11848
2016-08-11,13039,13039
2016-08-12,13805,13805
2016-08-13,14040,14040
2016-08-14,11900,11900
2016-08-15,10945,10945
2016-08-16,11673,11673
2016-08-17,11620,11620
2016-08-18,12485,12485
2016-08-19,12984,12984
2016-08-20,13392,13392
2016-08-21,11902,11902
2016-08-22,9875,9875
2016-08-23,10567,10567
2016-08-24,11256,11256
2016-08-25,11953,11953
2016-08-26,12536,12536
2016-08-27,13193,13193
2016-08-28,11862,11862
2016-08-29,10283,10283
2016-08-30,10479,10479
2016-08-31,11404,11404
2016-09-01,12353,12353
2016-09-02,11890,11890
2016-09-03,11599,11599
2016-09-04,11253,11253
2016-09-05,9603,9603
2016-09-06,11207,11207
2016-09-07,11933,11933
2016-09-08,13083,13083
2016-09-09,14626,14626
2016-09-10,15653,15653
2016-09-11,13131,13131
2016-09-12,10546,10546
2016-09-13,11786,11786
2016-09-14,12668,12668
2016-09-15,12966,12966
2016-09-16,14219,14219
2016-09-17,15028,15028
2016-09-18,12999,12999
2016-09-19,10957,10957
2016-09-20,11410,11410
2016-09-21,11294,11294
2016-09-22,12502,12502
2016-09-23,13916,13916
2016-09-24,15342,15342
2016-09-25,13004,13004
2016-09-26,10833,10833
2016-09-27,11911,11911
2016-09-28,12757,12757
2016-09-29,13313,13313
2016-09-30,15393,15393
2016-10-01,14730,14730
2016-10-02,12589,12589
2016-10-03,10084,10084
2016-10-04,10907,10907
2016-10-05,12232,12232
2016-10-06,13168,13168
2016-10-07,13775,13775
2016-10-08,15734,15734
2016-10-09,13722,13722
2016-10-10,10319,10319
2016-10-11,11046,11046
2016-10-12,10725,10725
2016-10-13,13206,13206
2016-10-14,14399,14399
2016-10-15,15291,15291
2016-10-16,13428,13428
2016-10-17,11007,11007
2016-10-18,11781,11781
2016-10-19,12427,12427
2016-10-20,13531,13531
2016-10-21,15319,15319
2016-10-22,16755,16755
2016-10-23,13625,13625
2016-10-24,11443,11443
2016-10-25,12643,12643
2016-10-26,13286,13286
2016-10-27,15407,15407
2016-10-28,15576,15576
2016-10-29,17239,17239
2016-10-30,15278,15278
2016-10-31,11767,11767
2016-11-01,12656,12656
2016-11-02,12530,12530
2016-11-03,14029,14029
2016-11-04,14618,14618
2016-11-05,16122,16122
2016-11-06,13335,13335
2016-11-07,11729,11729
2016-11-08,11556,11556
2016-11-09,13255,13255
2016-11-10,13542,13542
2016-11-11,14487,14487
2016-11-12,16163,16163
2016-11-13,13613,13613
2016-11-14,11263,11263
2016-11-15,13152,13152
2016-11-16,12496,12496
2016-11-17,13278,13278
2016-11-18,14510,14510
2016-11-19,16071,16071
2016-11-20,14511,14511
2016-11-21,12871,12871
2016-11-22,13547,13547
2016-11-23,13411,13411
2016-11-24,11142,11142
2016-11-25,10350,10350
2016-11-26,12415,12415
2016-11-27,11725,11725
2016-11-28,11476,11476
2016-11-29,13922,13922
2016-11-30,14133,14133
2016-12-01,14350,14350
2016-12-02,15880,15880
2016-12-03,17318,17318
2016-12-04,14945,14945
2016-12-05,12697,12697
2016-12-06,14750,14750
2016-12-07,13890,13890
2016-12-08,15234,15234
2016-12-09,17073,17073
2016-12-10,18404,18404
2016-12-11,15184,15184
2016-12-12,12916,12916
2016-12-13,13492,13492
2016-12-14,14654,14654
2016-12-15,17362,17362
2016-12-16,18218,18218
2016-12-17,17617,17617
2016-12-18,14611,14611
2016-12-19,13462,13462
2016-12-20,13787,13787
2016-12-21,13810,13810
2016-12-22,13666,13666
2016-12-23,13094,13094
2016-12-24,11752,11752
2016-12-25,8487,8487
2016-12-26,8591,8591
2016-12-27,9670,9670
2016-12-28,10989,10989
2016-12-29,12025,12025
2016-12-30,13054,13054
2016-12-31,14743,14743
2017-01-01,14004,14004
2017-01-02,9766,9766
2017-01-03,11465,11465
2017-01-04,11489,11489
2017-01-05,12558,12558
2017-01-06,14222,14222
2017-01-07,14308,14308
2017-01-08,13164,13164
2017-01-09,12719,12719
2017-01-10,12152,12152
2017-01-11,12690,12690
2017-01-12,13029,13029
2017-01-13,14567,14567
2017-01-14,16273,16273
2017-01-15,14210,14210
2017-01-16,11035,11035
2017-01-17,13764,13764
2017-01-18,12917,12917
2017-01-19,13284,13284
2017-01-20,14941,14941
2017-01-21,14831,14831
2017-01-22,13535,13535
2017-01-23,13426,13426
2017-01-24,14346,14346
2017-01-25,13191,13191
2017-01-26,14260,14260
2017-01-27,15948,15948
2017-01-28,17043,17043
2017-01-29,14017,14017
2017-01-30,11955,11955
2017-01-31,12859,12859
2017-02-01,13003,13003
2017-02-02,14152,14152
2017-02-03,16310,16310
2017-02-04,17490,17490
2017-02-05,15319,15319
2017-02-06,12357,12357
2017-02-07,13609,13609
2017-02-08,13889,13889
2017-02-09,10205,10205
2017-02-10,17217,17217
2017-02-11,18102,18102
2017-02-12,15903,15903
2017-02-13,13406,13406
2017-02-14,15248,15248
2017-02-15,14465,14465
2017-02-16,14721,14721
2017-02-17,15745,15745
2017-02-18,15870,15870
2017-02-19,14391,14391
2017-02-20,11706,11706
2017-02-21,12120,12120
2017-02-22,12929,12929
2017-02-23,13936,13936
2017-02-24,15434,15434
2017-02-25,17644,17644
2017-02-26,14907,14907
2017-02-27,12694,12694
2017-02-28,13065,13065
2017-03-01,14153,14153
2017-03-02,15699,15699
2017-03-03,17759,17759
2017-03-04,20082,20082
2017-03-05,15654,15654
2017-03-06,13097,13097
2017-03-07,13881,13881
2017-03-08,14038,14038
2017-03-09,15271,15271
2017-03-10,17745,17745
2017-03-11,19887,19887
2017-03-12,15893,15893
2017-03-13,14943,14943
2017-03-14,6138,6138
2017-03-15,15034,15034
2017-03-16,15251,15251
2017-03-17,16148,16148
2017-03-18,18557,18557
2017-03-19,14653,14653
2017-03-20,12462,12462
2017-03-21,12747,12747
2017-03-22,14830,14830
2017-03-23,14966,14966
2017-03-24,15934,15934
2017-03-25,17419,17419
2017-03-26,15075,15075
2017-03-27,12908,12908
2017-03-28,14596,14596
2017-03-29,13744,13744
2017-03-30,15311,15311
2017-03-31,19280,19280
2017-04-01,16461,16461
2017-04-02,11833,11833
2017-04-03,12967,12967
2017-04-04,14175,14175
2017-04-05,14433,14433
2017-04-06,16579,16579
2017-04-07,17143,17143
2017-04-08,17949,17949
2017-04-09,15395,15395
2017-04-10,12323,12323
2017-04-11,12830,12830
2017-04-12,13444,13444
2017-04-13,14520,14520
2017-04-14,14977,14977
2017-04-15,15795,15795
2017-04-16,14213,14213
2017-04-17,11924,11924
2017-04-18,12972,12972
2017-04-19,14859,14859
2017-04-20,15529,15529
2017-04-21,17306,17306
2017-04-22,17725,17725
2017-04-23,15612,15612
2017-04-24,13345,13345
2017-04-25,15822,15822
2017-04-26,14641,14641
2017-04-27,15247,15247
2017-04-28,16456,16456
2017-04-29,18201,18201
2017-04-30,15314,15314
2017-05-01,12700,12700
2017-05-02,13523,13523
2017-05-03,14145,14145
2017-05-04,15331,15331
2017-05-05,18369,18369
2017-05-06,18339,18339
2017-05-07,15254,15254
2017-05-08,13205,13205
2017-05-09,13917,13917
2017-05-10,14373,14373
2017-05-11,15033,15033
2017-05-12,16049,16049
2017-05-13,20435,20435
2017-05-14,14801,14801
2017-05-15,13083,13083
2017-05-16,14118,14118
2017-05-17,15117,15117
2017-05-18,15896,15896
2017-05-19,17049,17049
2017-05-20,17727,17727
2017-05-21,15221,15221
2017-05-22,14523,14523
2017-05-23,13811,13811
2017-05-24,14263,14263
2017-05-25,16260,16260
2017-05-26,14563,14563
2017-05-27,14730,14730
2017-05-28,13256,13256
2017-05-29,11345,11345
2017-05-30,13143,13143
2017-05-31,14063,14063
2017-06-01,14395,14395
2017-06-02,15934,15934
2017-06-03,17453,17453
2017-06-04,14972,14972
2017-06-05,13336,13336
2017-06-06,14736,14736
2017-06-07,15074,15074
2017-06-08,15672,15672
2017-06-09,16501,16501
2017-06-10,17960,17960
2017-06-11,15587,15587
2017-06-12,13749,13749
2017-06-13,15150,15150
2017-06-14,15523,15523
2017-06-15,15820,15820
2017-06-16,16680,16680
2017-06-17,17727,17727
2017-06-18,15121,15121
2017-06-19,14722,14722
2017-06-20,13984,13984
2017-06-21,14879,14879
2017-06-22,15012,15012
2017-06-23,16895,16895
2017-06-24,18020,18020
2017-06-25,13967,13967
2017-06-26,13027,13027
2017-06-27,14178,14178
2017-06-28,14350,14350
2017-06-29,14625,14625
2017-06-30,15620,15620
2017-07-01,14824,14824
2017-07-02,12922,12922
2017-07-03,11386,11386
2017-07-04,11455,11455
2017-07-05,12605,12605
2017-07-06,13000,13000
2017-07-07,15661,15661
2017-07-08,15940,15940
2017-07-09,14350,14350
2017-07-10,12980,12980
2017-07-11,13978,13978
2017-07-12,14997,14997
2017-07-13,15882,15882
2017-07-14,16711,16711
2017-07-15,17362,17362
2017-07-16,15573,15573
2017-07-17,13492,13492
2017-07-18,14396,14396
2017-07-19,15367,15367
2017-07-20,16290,16290
2017-07-21,17011,17011
2017-07-22,17725,17725
2017-07-23,15210,15210
2017-07-24,13896,13896
2017-07-25,13508,13508
2017-07-26,14402,14402
2017-07-27,15559,15559
2017-07-28,16278,16278
2017-07-29,17131,17131
2017-07-30,15134,15134
2017-07-31,13277,13277
2017-08-01,14018,14018
2017-08-02,15101,15101
2017-08-03,15349,15349
2017-08-04,16522,16522
2017-08-05,16377,16377
2017-08-06,14637,14637
2017-08-07,14562,14562
2017-08-08,13251,13251
2017-08-09,14244,14244
2017-08-10,15024,15024
2017-08-11,15758,15758
2017-08-12,16273,16273
2017-08-13,14663,14663
2017-08-14,12701,12701
2017-08-15,14030,14030
2017-08-16,14308,14308
2017-08-17,15036,15036
2017-08-18,16736,16736
2017-08-19,17060,17060
2017-08-20,15217,15217
2017-08-21,12919,12919
2017-08-22,14237,14237
2017-08-23,14291,14291
2017-08-24,14756,14756
2017-08-25,15514,15514
2017-08-26,16653,16653
2017-08-27,15282,15282
2017-08-28,12556,12556
2017-08-29,14889,14889
2017-08-30,13886,13886
2017-08-31,14814,14814
2017-09-01,15267,15267
2017-09-02,16763,16763
2017-09-03,14438,14438
2017-09-04,13064,13064
2017-09-05,13868,13868
2017-09-06,16357,16357
2017-09-07,16204,16204
2017-09-08,17808,17808
2017-09-09,19571,19571
2017-09-10,17281,17281
2017-09-11,14628,14628
2017-09-12,15031,15031
2017-09-13,15960,15960
2017-09-14,16948,16948
2017-09-15,17851,17851
2017-09-16,19452,19452
2017-09-17,17258,17258
2017-09-18,13532,13532
2017-09-19,14417,14417
2017-09-20,14489,14489
2017-09-21,14303,14303
2017-09-22,16464,16464
2017-09-23,19563,19563
2017-09-24,16592,16592
2017-09-25,13912,13912
2017-09-26,14707,14707
2017-09-27,15817,15817
2017-09-28,16615,16615
2017-09-29,17664,17664
2017-09-30,19051,19051
2017-10-01,16403,16403
2017-10-02,13807,13807
2017-10-03,14153,14153
2017-10-04,15079,15079
2017-10-05,16474,16474
2017-10-06,17756,17756
2017-10-07,19690,19690
2017-10-08,17485,17485
2017-10-09,14002,14002
2017-10-10,14977,14977
2017-10-11,15596,15596
2017-10-12,16853,16853
2017-10-13,18370,18370
2017-10-14,20297,20297
2017-10-15,17266,17266
2017-10-16,15210,15210
2017-10-17,15329,15329
2017-10-18,15827,15827
2017-10-19,16486,16486
2017-10-20,18023,18023
2017-10-21,19937,19937
2017-10-22,17064,17064
2017-10-23,14478,14478
2017-10-24,16255,16255
2017-10-25,16242,16242
2017-10-26,17722,17722
2017-10-27,19560,19560
2017-10-28,22102,22102
2017-10-29,21616,21616
2017-10-30,15509,15509
2017-10-31,15753,15753
2017-11-01,16552,16552
2017-11-02,17053,17053
2017-11-03,19424,19424
2017-11-04,21306,21306
2017-11-05,17247,17247
2017-11-06,15428,15428
2017-11-07,18490,18490
2017-11-08,16701,16701
2017-11-09,17903,17903
2017-11-10,21256,21256
2017-11-11,21263,21263
2017-11-12,18326,18326
2017-11-13,16305,16305
2017-11-14,16436,16436
2017-11-15,17067,17067
2017-11-16,18664,18664
2017-11-17,19995,19995
2017-11-18,22120,22120
2017-11-19,18927,18927
2017-11-20,15876,15876
2017-11-21,16246,16246
2017-11-22,17591,17591
2017-11-23,14685,14685
2017-11-24,13720,13720
2017-11-25,15847,15847
2017-11-26,15541,15541
2017-11-27,15059,15059
2017-11-28,15525,15525
2017-11-29,16121,16121
2017-11-30,17820,17820
2017-12-01,19856,19856
2017-12-02,21692,21692
2017-12-03,18392,18392
2017-12-04,15893,15893
2017-12-05,18114,18114
2017-12-06,17829,17829
2017-12-07,19056,19056
2017-12-08,21043,21043
2017-12-09,23723,23723
2017-12-10,19062,19062
2017-12-11,17196,17196
2017-12-12,17603,17603
2017-12-13,19797,19797
2017-12-14,20354,20354
2017-12-15,22507,22507
2017-12-16,23218,23218
2017-12-17,19580,19580
2017-12-18,16503,16503
2017-12-19,17117,17117
2017-12-20,18157,18157
2017-12-21,18730,18730
2017-12-22,18428,18428
2017-12-23,17296,17296
2017-12-24,14958,14958
2017-12-25,11967,11967
2017-12-26,12962,12962
2017-12-27,14836,14836
2017-12-28,17028,17028
2017-12-29,18403,18403
2017-12-30,17869,17869
2017-12-31,20360,20360
2018-01-01,19460,19460
2018-01-02,15046,15046
2018-01-03,16069,16069
2018-01-04,9431,9431
2018-01-05,19405,19405
2018-01-06,21863,21863
2018-01-07,18661,18661
2018-01-08,16462,16462
2018-01-09,16293,16293
2018-01-10,16520,16520
2018-01-11,17360,17360
2018-01-12,20220,20220
2018-01-13,21971,21971
2018-01-14,20498,20498
2018-01-15,15939,15939
2018-01-16,16721,16721
2018-01-17,17775,17775
2018-01-18,18619,18619
2018-01-19,20148,20148
2018-01-20,20674,20674
2018-01-21,17557,17557
2018-01-22,15613,15613
2018-01-23,16479,16479
2018-01-24,17557,17557
2018-01-25,18994,18994
2018-01-26,20716,20716
2018-01-27,21578,21578
2018-01-28,18430,18430
2018-01-29,15743,15743
2018-01-30,17273,17273
2018-01-31,18389,18389
2018-02-01,18556,18556
2018-02-02,22507,22507
2018-02-03,22788,22788
2018-02-04,20830,20830
2018-02-05,17126,17126
2018-02-06,17374,17374
2018-02-07,19752,19752
2018-02-08,19725,19725
2018-02-09,21604,21604
2018-02-10,23712,23712
2018-02-11,19756,19756
2018-02-12,16974,16974
2018-02-13,18140,18140
2018-02-14,19705,19705
2018-02-15,19236,19236
2018-02-16,21080,21080
2018-02-17,22929,22929
2018-02-18,18863,18863
2018-02-19,16198,16198
2018-02-20,15853,15853
2018-02-21,17080,17080
2018-02-22,19895,19895
2018-02-23,21299,21299
2018-02-24,22553,22553
2018-02-25,20147,20147
2018-02-26,16673,16673
2018-02-27,17573,17573
2018-02-28,18211,18211
2018-03-01,20274,20274
2018-03-02,24457,24457
2018-03-03,22434,22434
2018-03-04,20225,20225
2018-03-05,17494,17494
2018-03-06,18339,18339
2018-03-07,17244,17244
2018-03-08,20559,20559
2018-03-09,22071,22071
2018-03-10,23664,23664
2018-03-11,19412,19412
2018-03-12,17864,17864
2018-03-13,18901,18901
2018-03-14,19781,19781
2018-03-15,20925,20925
2018-03-16,22261,22261
2018-03-17,23617,23617
2018-03-18,19479,19479
2018-03-19,17053,17053
2018-03-20,19323,19323
2018-03-21,13695,13695
2018-03-22,20410,20410
2018-03-23,21199,21199
2018-03-24,22738,22738
2018-03-25,20074,20074
2018-03-26,17369,17369
2018-03-27,18253,18253
2018-03-28,18926,18926
2018-03-29,20224,20224
2018-03-30,20644,20644
2018-03-31,21332,21332
2018-04-01,17804,17804
2018-04-02,15929,15929
2018-04-03,17420,17420
2018-04-04,17443,17443
2018-04-05,18868,18868
2018-04-06,19994,19994
2018-04-07,21700,21700
2018-04-08,20238,20238
2018-04-09,17791,17791
2018-04-10,18470,18470
2018-04-11,18895,18895
2018-04-12,19716,19716
2018-04-13,21515,21515
2018-04-14,24640,24640
2018-04-15,21884,21884
2018-04-16,19053,19053
2018-04-17,18690,18690
2018-04-18,18920,18920
2018-04-19,21254,21254
2018-04-20,22555,22555
2018-04-21,23676,23676
2018-04-22,19776,19776
2018-04-23,17213,17213
2018-04-24,18101,18101
2018-04-25,20038,20038
2018-04-26,20406,20406
2018-04-27,22362,22362
2018-04-28,23570,23570
2018-04-29,20458,20458
2018-04-30,18637,18637
2018-05-01,18042,18042
2018-05-02,19028,19028
2018-05-03,21131,21131
2018-05-04,21527,21527
2018-05-05,23867,23867
2018-05-06,19587,19587
2018-05-07,17279,17279
2018-05-08,18192,18192
2018-05-09,18785,18785
2018-05-10,20699,20699
2018-05-11,21228,21228
2018-05-12,24029,24029
2018-05-13,20644,20644
2018-05-14,17528,17528
2018-05-15,19587,19587
2018-05-16,21129,21129
2018-05-17,20807,20807
2018-05-18,21511,21511
2018-05-19,24054,24054
2018-05-20,19471,19471
2018-05-21,16918,16918
2018-05-22,19307,19307
2018-05-23,19064,19064
2018-05-24,19491,19491
2018-05-25,20449,20449
2018-05-26,20146,20146
2018-05-27,17928,17928
2018-05-28,14948,14948
2018-05-29,17444,17444
2018-05-30,18465,18465
2018-05-31,20722,20722
2018-06-01,21920,21920
2018-06-02,23552,23552
2018-06-03,20291,20291
2018-06-04,17051,17051
2018-06-05,17024,17024
2018-06-06,18221,18221
2018-06-07,19142,19142
2018-06-08,20327,20327
2018-06-09,21827,21827
2018-06-10,18940,18940
2018-06-11,17472,17472
2018-06-12,17741,17741
2018-06-13,19704,19704
2018-06-14,20447,20447
2018-06-15,19951,19951
2018-06-16,21945,21945
2018-06-17,19290,19290
2018-06-18,18217,18217
2018-06-19,18938,18938
2018-06-20,19665,19665
2018-06-21,20397,20397
2018-06-22,21994,21994
2018-06-23,21938,21938
2018-06-24,19451,19451
2018-06-25,17266,17266
2018-06-26,18061,18061
2018-06-27,18619,18619
2018-06-28,20612,20612
2018-06-29,20758,20758
2018-06-30,22808,22808
2018-07-01,20068,20068
2018-07-02,17738,17738
2018-07-03,18826,18826
2018-07-04,16490,16490
2018-07-05,17127,17127
2018-07-06,18191,18191
2018-07-07,19386,19386
2018-07-08,17959,17959
2018-07-09,17099,17099
2018-07-10,18079,18079
2018-07-11,18747,18747
2018-07-12,19571,19571
2018-07-13,21170,21170
2018-07-14,22752,22752
2018-07-15,19720,19720
2018-07-16,18293,18293
2018-07-17,19948,19948
2018-07-18,19013,19013
2018-07-19,19634,19634
2018-07-20,21172,21172
2018-07-21,23833,23833
2018-07-22,19909,19909
2018-07-23,18181,18181
2018-07-24,18557,18557
2018-07-25,20212,20212
2018-07-26,19987,19987
2018-07-27,22589,22589
2018-07-28,22407,22407
2018-07-29,19909,19909
2018-07-30,17470,17470
2018-07-31,17851,17851
2018-08-01,19574,19574
2018-08-02,19816,19816
2018-08-03,21151,21151
2018-08-04,22652,22652
2018-08-05,20115,20115
2018-08-06,17879,17879
2018-08-07,19425,19425
2018-08-08,19719,19719
2018-08-09,19967,19967
2018-08-10,21162,21162
2018-08-11,22111,22111
2018-08-12,19291,19291
2018-08-13,18159,18159
2018-08-14,18215,18215
2018-08-15,18944,18944
2018-08-16,19930,19930
2018-08-17,21948,21948
2018-08-18,22383,22383
2018-08-19,19036,19036
2018-08-20,16701,16701
2018-08-21,16582,16582
2018-08-22,18097,18097
2018-08-23,18717,18717
2018-08-24,20422,20422
2018-08-25,22064,22064
2018-08-26,19351,19351
2018-08-27,17477,17477
2018-08-28,18738,18738
2018-08-29,19484,19484
2018-08-30,19802,19802
2018-08-31,20608,20608
2018-09-01,20786,20786
2018-09-02,19474,19474
2018-09-03,17015,17015
2018-09-04,18730,18730
2018-09-05,19959,19959
2018-09-06,21417,21417
2018-09-07,22272,22272
2018-09-08,24122,24122
2018-09-09,21992,21992
2018-09-10,19352,19352
2018-09-11,17648,17648
2018-09-12,20329,20329
2018-09-13,20792,20792
2018-09-14,22368,22368
2018-09-15,23700,23700
2018-09-16,20812,20812
2018-09-17,18169,18169
2018-09-18,19092,19092
2018-09-19,17542,17542
2018-09-20,20114,20114
2018-09-21,22372,22372
2018-09-22,23713,23713
2018-09-23,20168,20168
2018-09-24,16638,16638
2018-09-25,19374,19374
2018-09-26,18803,18803
2018-09-27,19338,19338
2018-09-28,22279,22279
2018-09-29,24143,24143
2018-09-30,20722,20722
2018-10-01,17418,17418
2018-10-02,18575,18575
2018-10-03,19636,19636
2018-10-04,21159,21159
2018-10-05,21974,21974
2018-10-06,24166,24166
2018-10-07,21282,21282
2018-10-08,17240,17240
2018-10-09,18525,18525
2018-10-10,19566,19566
2018-10-11,21781,21781
2018-10-12,22525,22525
2018-10-13,25163,25163
2018-10-14,21234,21234
2018-10-15,18557,18557
2018-10-16,19191,19191
2018-10-17,19869,19869
2018-10-18,21676,21676
2018-10-19,22738,22738
2018-10-20,24831,24831
2018-10-21,22472,22472
2018-10-22,18578,18578
2018-10-23,18899,18899
2018-10-24,19975,19975
2018-10-25,21275,21275
2018-10-26,23571,23571
2018-10-27,28801,28801
2018-10-28,23045,23045
2018-10-29,18212,18212
2018-10-30,18840,18840
2018-10-31,20163,20163
2018-11-01,21771,21771
2018-11-02,23365,23365
2018-11-03,25382,25382
2018-11-04,20517,20517
2018-11-05,19746,19746
2018-11-06,20533,20533
2018-11-07,19369,19369
2018-11-08,21071,21071
2018-11-09,24117,24117
2018-11-10,26168,26168
2018-11-11,22078,22078
2018-11-12,18311,18311
2018-11-13,19972,19972
2018-11-14,20811,20811
2018-11-15,18799,18799
2018-11-16,23273,23273
2018-11-17,25713,25713
2018-11-18,22404,22404
2018-11-19,18486,18486
2018-11-20,19632,19632
2018-11-21,20739,20739
2018-11-22,19198,19198
2018-11-23,17859,17859
2018-11-24,20927,20927
2018-11-25,18666,18666
2018-11-26,19865,19865
2018-11-27,19436,19436
2018-11-28,20160,20160
2018-11-29,21025,21025
2018-11-30,23777,23777
2018-12-01,26457,26457
2018-12-02,23090,23090
2018-12-03,19034,19034
2018-12-04,20225,20225
2018-12-05,21206,21206
2018-12-06,22191,22191
2018-12-07,24568,24568
2018-12-08,26963,26963
2018-12-09,22441,22441
2018-12-10,19546,19546
2018-12-11,20390,20390
2018-12-12,21366,21366
2018-12-13,22810,22810
2018-12-14,25171,25171
2018-12-15,26760,26760
2018-12-16,25514,25514
2018-12-17,19477,19477
2018-12-18,21100,21100
2018-12-19,21381,21381
2018-12-20,22954,22954
2018-12-21,23762,23762
2018-12-22,21992,21992
2018-12-23,18538,18538
2018-12-24,17217,17217
2018-12-25,13840,13840
2018-12-26,14663,14663
2018-12-27,16055,16055
2018-12-28,19467,19467
2018-12-29,19717,19717
2018-12-30,18548,18548
2018-12-31,22894,22894
2019-01-01,20383,20383
2019-01-02,15701,15701
2019-01-03,16495,16495
2019-01-04,18632,18632
2019-01-05,21912,21912
2019-01-06,19014,19014
2019-01-07,17373,17373
2019-01-08,17412,17412
2019-01-09,18412,18412
2019-01-10,20175,20175
2019-01-11,23704,23704
2019-01-12,24636,24636
2019-01-13,21015,21015
2019-01-14,18816,18816
2019-01-15,19515,19515
2019-01-16,19952,19952
2019-01-17,20923,20923
2019-01-18,22445,22445
2019-01-19,23270,23270
2019-01-20,21348,21348
2019-01-21,19825,19825
2019-01-22,19992,19992
2019-01-23,19578,19578
2019-01-24,22849,22849
2019-01-25,23818,23818
2019-01-26,25555,25555
2019-01-27,21023,21023
2019-01-28,17991,17991
2019-01-29,20082,20082
2019-01-30,21886,21886
2019-01-31,24280,24280
2019-02-01,25803,25803
2019-02-02,25558,25558
2019-02-03,22341,22341
2019-02-04,17950,17950
2019-02-05,17765,17765
2019-02-06,20498,20498
2019-02-07,20030,20030
2019-02-08,23766,23766
2019-02-09,26448,26448
2019-02-10,21823,21823
2019-02-11,18723,18723
2019-02-12,20012,20012
2019-02-13,20657,20657
2019-02-14,21960,21960
2019-02-15,22134,22134
2019-02-16,23767,23767
2019-02-17,21564,21564
2019-02-18,17617,17617
2019-02-19,18703,18703
2019-02-20,19792,19792
2019-02-21,20313,20313
2019-02-22,22957,22957
2019-02-23,25712,25712
2019-02-24,22284,22284
2019-02-25,19767,19767
2019-02-26,20610,20610
2019-02-27,21656,21656
2019-02-28,22745,22745
2019-03-01,24957,24957
2019-03-02,26127,26127
2019-03-03,23182,23182
2019-03-04,18233,18233
2019-03-05,21479,21479
2019-03-06,23273,23273
2019-03-07,23646,23646
2019-03-08,25353,25353
2019-03-09,26859,26859
2019-03-10,23397,23397
2019-03-11,19888,19888
2019-03-12,20966,20966
2019-03-13,21601,21601
2019-03-14,22284,22284
2019-03-15,24932,24932
2019-03-16,26778,26778
2019-03-17,22556,22556
2019-03-18,19416,19416
2019-03-19,19263,19263
2019-03-20,20282,20282
2019-03-21,23931,23931
2019-03-22,24922,24922
2019-03-23,26170,26170
2019-03-24,21715,21715
2019-03-25,19256,19256
2019-03-26,19739,19739
2019-03-27,20666,20666
2019-03-28,21512,21512
2019-03-29,23679,23679
2019-03-30,26094,26094
2019-03-31,22838,22838
2019-04-01,19784,19784
2019-04-02,20255,20255
2019-04-03,20621,20621
2019-04-04,22125,22125
2019-04-05,25866,25866
2019-04-06,25694,25694
2019-04-07,22060,22060
2019-04-08,19183,19183
2019-04-09,20474,20474
2019-04-10,20300,20300
2019-04-11,21871,21871
2019-04-12,24587,24587
2019-04-13,25895,25895
2019-04-14,22304,22304
2019-04-15,20796,20796
2019-04-16,19973,19973
2019-04-17,20605,20605
2019-04-18,21513,21513
2019-04-19,22181,22181
2019-04-20,23276,23276
2019-04-21,20134,20134
2019-04-22,18258,18258
2019-04-23,18038,18038
2019-04-24,18528,18528
2019-04-25,20953,20953
2019-04-26,23155,23155
2019-04-27,24475,24475
2019-04-28,21612,21612
2019-04-29,19067,19067
2019-04-30,19837,19837
2019-05-01,21070,21070
2019-05-02,21927,21927
2019-05-03,24067,24067
2019-05-04,26144,26144
2019-05-05,24233,24233
2019-05-06,18893,18893
2019-05-07,19735,19735
2019-05-08,19214,19214
2019-05-09,20850,20850
2019-05-10,23263,23263
2019-05-11,24393,24393
2019-05-12,24339,24339
2019-05-13,20833,20833
2019-05-14,20807,20807
2019-05-15,19891,19891
2019-05-16,20806,20806
2019-05-17,23344,23344
2019-05-18,25455,25455
2019-05-19,22035,22035
2019-05-20,19476,19476
2019-05-21,19451,19451
2019-05-22,19889,19889
2019-05-23,20553,20553
2019-05-24,20837,20837
2019-05-25,20185,20185
2019-05-26,19332,19332
2019-05-27,16040,16040
2019-05-28,18317,18317
2019-05-29,19758,19758
2019-05-30,21501,21501
2019-05-31,22492,22492
2019-06-01,24458,24458
2019-06-02,21334,21334
2019-06-03,18366,18366
2019-06-04,18107,18107
2019-06-05,19486,19486
2019-06-06,20319,20319
2019-06-07,21759,21759
2019-06-08,23369,23369
2019-06-09,20024,20024
2019-06-10,19187,19187
2019-06-11,18351,18351
2019-06-12,19026,19026
2019-06-13,21571,21571
2019-06-14,21532,21532
2019-06-15,23326,23326
2019-06-16,19968,19968
2019-06-17,17514,17514
2019-06-18,20323,20323
2019-06-19,19753,19753
2019-06-20,21197,21197
2019-06-21,22022,22022
2019-06-22,23316,23316
2019-06-23,20808,20808
2019-06-24,18145,18145
2019-06-25,19553,19553
2019-06-26,19914,19914
2019-06-27,20288,20288
2019-06-28,22133,22133
2019-06-29,23765,23765
2019-06-30,19088,19088
2019-07-01,1,1
2019-07-05,1,1
